{"cameraMode":{"drawMode":0,"name":"Shaded","section":"Shading Mode"},"sceneLighting":true,"audioPlay":false,"sceneViewState":{"m_AlwaysRefresh":true,"showFog":true,"showSkybox":true,"showFlares":true,"showImageEffects":true,"showParticleSystems":true,"showVisualEffectGraphs":true,"m_FxEnabled":true},"in2DMode":false,"pivot":{"x":3.738769292831421,"y":6.708510875701904,"z":-9.994181632995606},"rotation":{"x":0.0013525952817872167,"y":0.989354133605957,"z":-0.009210556745529175,"w":0.14527764916419984},"size":6.18319034576416,"orthographic":false}