{"cameraMode":{"drawMode":0,"name":"Shaded","section":"Shading Mode"},"sceneLighting":true,"audioPlay":false,"sceneViewState":{"m_AlwaysRefresh":true,"showFog":true,"showSkybox":true,"showFlares":true,"showImageEffects":true,"showParticleSystems":true,"showVisualEffectGraphs":true,"m_FxEnabled":true},"in2DMode":false,"pivot":{"x":897.149658203125,"y":1731.0460205078125,"z":-213.4449005126953},"rotation":{"x":-0.04615243151783943,"y":0.031775668263435367,"z":0.0014974633231759072,"w":0.998471736907959},"size":81.39410400390625,"orthographic":false}