{"cameraMode":{"drawMode":0,"name":"Shaded","section":"Shading Mode"},"sceneLighting":true,"audioPlay":false,"sceneViewState":{"m_AlwaysRefresh":true,"showFog":true,"showSkybox":true,"showFlares":true,"showImageEffects":true,"showParticleSystems":true,"showVisualEffectGraphs":true,"m_FxEnabled":true},"in2DMode":false,"pivot":{"x":3.9115755558013918,"y":5.507401943206787,"z":-8.667803764343262},"rotation":{"x":0.02391883358359337,"y":0.8963736891746521,"z":-0.048729412257671359,"w":0.43998250365257265},"size":6.18319034576416,"orthographic":false}