{"cameraMode":{"drawMode":0,"name":"Shaded","section":"Shading Mode"},"sceneLighting":true,"audioPlay":false,"sceneViewState":{"m_AlwaysRefresh":true,"showFog":true,"showSkybox":true,"showFlares":true,"showImageEffects":true,"showParticleSystems":true,"showVisualEffectGraphs":true,"m_FxEnabled":true},"in2DMode":false,"pivot":{"x":5.294888019561768,"y":4.609594821929932,"z":-5.030250549316406},"rotation":{"x":0.0011419289512559772,"y":0.775810956954956,"z":-0.0014034557389095426,"w":0.6309685111045837},"size":4.843527317047119,"orthographic":false}