{"cameraMode":{"drawMode":0,"name":"Shaded","section":"Shading Mode"},"sceneLighting":true,"audioPlay":false,"sceneViewState":{"m_AlwaysRefresh":true,"showFog":true,"showSkybox":true,"showFlares":true,"showImageEffects":true,"showParticleSystems":true,"showVisualEffectGraphs":true,"m_FxEnabled":true},"in2DMode":false,"pivot":{"x":-6.567577362060547,"y":26.41065788269043,"z":18.660839080810548},"rotation":{"x":-0.0015732069732621313,"y":-0.9984006285667419,"z":-0.03264884650707245,"w":0.04706926271319389},"size":45.47282409667969,"orthographic":false}