{"cameraMode":{"drawMode":0,"name":"Shaded","section":"Shading Mode"},"sceneLighting":true,"audioPlay":false,"sceneViewState":{"m_AlwaysRefresh":true,"showFog":true,"showSkybox":true,"showFlares":true,"showImageEffects":true,"showParticleSystems":true,"showVisualEffectGraphs":true,"m_FxEnabled":true},"in2DMode":false,"pivot":{"x":1.51882803440094,"y":14.596479415893555,"z":14.821084022521973},"rotation":{"x":0.005747352261096239,"y":0.9713329672813416,"z":-0.23647622764110566,"w":0.023608414456248285},"size":4.843527317047119,"orthographic":false}