{"cameraMode":{"drawMode":0,"name":"Shaded","section":"Shading Mode"},"sceneLighting":true,"audioPlay":false,"sceneViewState":{"m_AlwaysRefresh":true,"showFog":true,"showSkybox":true,"showFlares":true,"showImageEffects":true,"showParticleSystems":true,"showVisualEffectGraphs":true,"m_FxEnabled":true},"in2DMode":false,"pivot":{"x":5.535100936889648,"y":17.767026901245118,"z":-6.443274974822998},"rotation":{"x":-0.000897456775419414,"y":0.9763967394828796,"z":-0.21609608829021455,"w":-0.00410539610311389},"size":10.986321449279786,"orthographic":false}