{"cameraMode":{"drawMode":0,"name":"Shaded","section":"Shading Mode"},"sceneLighting":true,"audioPlay":false,"sceneViewState":{"m_AlwaysRefresh":true,"showFog":true,"showSkybox":true,"showFlares":true,"showImageEffects":true,"showParticleSystems":true,"showVisualEffectGraphs":true,"m_FxEnabled":true},"in2DMode":false,"pivot":{"x":-8.252334594726563,"y":5.573767185211182,"z":6.169126033782959},"rotation":{"x":-0.001101161353290081,"y":0.9123546481132507,"z":0.002455037320032716,"w":0.4094030261039734},"size":4.843527317047119,"orthographic":false}