{"cameraMode":{"drawMode":0,"name":"Shaded","section":"Shading Mode"},"sceneLighting":true,"audioPlay":false,"sceneViewState":{"m_AlwaysRefresh":true,"showFog":true,"showSkybox":true,"showFlares":true,"showImageEffects":true,"showParticleSystems":true,"showVisualEffectGraphs":true,"m_FxEnabled":true},"in2DMode":false,"pivot":{"x":30.806438446044923,"y":66.32807922363281,"z":177.36183166503907},"rotation":{"x":0.25690382719039919,"y":-0.17536623775959016,"z":0.047475457191467288,"w":0.9492560625076294},"size":15.819292068481446,"orthographic":false}