{"cameraMode":{"drawMode":0,"name":"Shaded","section":"Shading Mode"},"sceneLighting":false,"audioPlay":false,"sceneViewState":{"m_AlwaysRefresh":true,"showFog":true,"showSkybox":false,"showFlares":true,"showImageEffects":true,"showParticleSystems":true,"showVisualEffectGraphs":true,"m_FxEnabled":true},"in2DMode":false,"pivot":{"x":2.307746410369873,"y":3.619562864303589,"z":-26.884309768676759},"rotation":{"x":0.003948681056499481,"y":0.9949785470962524,"z":-0.04361714422702789,"w":0.09008976817131043},"size":5.470333576202393,"orthographic":false}